[{"Course": "IBUS", "Name": "International Business"}, {"Course": "BADM", "Name": "Business Administration"}, {"Course": "PUBH", "Name": "Public Health"}, {"Course": "PHAR", "Name": "Pharmacy"}, {"Course": "ATEP", "Name": "Athletic Training"}, {"Course": "PHIL", "Name": "Philosophy"}, {"Course": "PALM", "Name": "Palmetto Programs"}, {"Course": "ANTH", "Name": "Anthropology"}, {"Course": "CSCI", "Name": "Computer Science"}, {"Course": "HIST", "Name": "History"}, {"Course": "AERO", "Name": "Aerospace Studies"}, {"Course": "ARTH", "Name": "Art History"}, {"Course": "LASP", "Name": "Latin American Studies"}, {"Course": "MART", "Name": "Media Arts"}, {"Course": "ITAL", "Name": "Italian"}, {"Course": "HGEN", "Name": "Genetic Counseling"}, {"Course": "LANU", "Name": "Nursing"}, {"Course": "SOWK", "Name": "Social Work"}, {"Course": "SPCH", "Name": "Speech"}, {"Course": "RELG", "Name": "Religious Studies"}, {"Course": "MGMT", "Name": "Management"}, {"Course": "JSTU", "Name": "Jewish Studies"}, {"Course": "EDSE", "Name": "Secondary Education"}, {"Course": "MGSC", "Name": "Management Science"}, {"Course": "RETL", "Name": "Retailing"}, {"Course": "LATN", "Name": "Latin"}, {"Course": "THEA", "Name": "Theatre"}, {"Course": "EDML", "Name": "Middle Level Education"}, {"Course": "ASTR", "Name": "Astronomy"}, {"Course": "EDEL", "Name": "Elementary Education"}, {"Course": "ECON", "Name": "Economics"}, {"Course": "FAMS", "Name": "Film and Media Studies"}, {"Course": "GREK", "Name": "Greek"}, {"Course": "ELCT", "Name": "Electrical Engineering"}, {"Course": "CHEM", "Name": "Chemistry"}, {"Course": "BMEN", "Name": "Biomedical Engineering"}, {"Course": "EDUC", "Name": "Education"}, {"Course": "EURO", "Name": "European Studies"}, {"Course": "CHIN", "Name": "Chinese"}, {"Course": "DANC", "Name": "Dance"}, {"Course": "ECIV", "Name": "Civil Engineering"}, {"Course": "MUED", "Name": "Music Education"}, {"Course": "ARAB", "Name": "Arabic"}, {"Course": "GLST", "Name": "Global Studies"}, {"Course": "LING", "Name": "Linguistics"}, {"Course": "PSYC", "Name": "Psychology"}, {"Course": "ENGL", "Name": "English"}, {"Course": "STAT", "Name": "Statistics"}, {"Course": "MUSC", "Name": "Music"}, {"Course": "FREN", "Name": "French"}, {"Course": "POLI", "Name": "Political Science"}, {"Course": "EDET", "Name": "Educational Technology"}, {"Course": "FINA", "Name": "Finance"}, {"Course": "EMCH", "Name": "Mechanical Engineering"}, {"Course": "EPID", "Name": "Epidemiology"}, {"Course": "RUSS", "Name": "Russian"}, {"Course": "MSCI", "Name": "Marine Science"}, {"Course": "ECHE", "Name": "Chemical Engineering"}, {"Course": "CPLT", "Name": "Comparative Literature"}, {"Course": "ASLG", "Name": "American Sign Language"}, {"Course": "EDPH", "Name": "Physical Education"}, {"Course": "BIOS", "Name": "Biostatistics"}, {"Course": "EDPY", "Name": "Educational Psychology"}, {"Course": "GERM", "Name": "German"}, {"Course": "SOST", "Name": "Southern Studies"}, {"Course": "SOCY", "Name": "Sociology"}, {"Course": "MATH", "Name": "Mathematics"}, {"Course": "ARMY", "Name": "Military Science"}, {"Course": "MKTG", "Name": "Marketing"}, {"Course": "JOUR", "Name": "Journalism"}, {"Course": "FORL", "Name": "Foreign Languages"}, {"Course": "EXSC", "Name": "Exercise Science"}, {"Course": "PHYS", "Name": "Physics"}, {"Course": "PORT", "Name": "Portuguese"}, {"Course": "COMD", "Name": "Communication Disorders"}, {"Course": "JAPA", "Name": "Japanese"}, {"Course": "ARTS", "Name": "Art Studio"}, {"Course": "ARTE", "Name": "Art Education"}, {"Course": "EDCS", "Name": "Curriculum Studies"}, {"Course": "SPAN", "Name": "Spanish"}, {"Course": "GEOG", "Name": "Geography"}, {"Course": "IBUS", "Name": "International Business"}, {"Course": "BADM", "Name": "Business Administration"}, {"Course": "PUBH", "Name": "Public Health"}, {"Course": "PHAR", "Name": "Pharmacy"}, {"Course": "ATEP", "Name": "Athletic Training"}, {"Course": "PHIL", "Name": "Philosophy"}, {"Course": "PALM", "Name": "Palmetto Programs"}, {"Course": "ANTH", "Name": "Anthropology"}, {"Course": "CSCI", "Name": "Computer Science"}, {"Course": "HIST", "Name": "History"}, {"Course": "AERO", "Name": "Aerospace Studies"}, {"Course": "ARTH", "Name": "Art History"}, {"Course": "LASP", "Name": "Latin American Studies"}, {"Course": "MART", "Name": "Media Arts"}, {"Course": "ITAL", "Name": "Italian"}, {"Course": "HGEN", "Name": "Genetic Counseling"}, {"Course": "LANU", "Name": "Nursing"}, {"Course": "SOWK", "Name": "Social Work"}, {"Course": "SPCH", "Name": "Speech"}, {"Course": "RELG", "Name": "Religious Studies"}, {"Course": "MGMT", "Name": "Management"}, {"Course": "JSTU", "Name": "Jewish Studies"}, {"Course": "EDSE", "Name": "Secondary Education"}, {"Course": "MGSC", "Name": "Management Science"}, {"Course": "RETL", "Name": "Retailing"}, {"Course": "LATN", "Name": "Latin"}, {"Course": "THEA", "Name": "Theatre"}, {"Course": "EDML", "Name": "Middle Level Education"}, {"Course": "ASTR", "Name": "Astronomy"}, {"Course": "EDEL", "Name": "Elementary Education"}, {"Course": "ECON", "Name": "Economics"}, {"Course": "FAMS", "Name": "Film and Media Studies"}, {"Course": "GREK", "Name": "Greek"}, {"Course": "ELCT", "Name": "Electrical Engineering"}, {"Course": "CHEM", "Name": "Chemistry"}, {"Course": "BMEN", "Name": "Biomedical Engineering"}, {"Course": "EDUC", "Name": "Education"}, {"Course": "EURO", "Name": "European Studies"}, {"Course": "CHIN", "Name": "Chinese"}, {"Course": "DANC", "Name": "Dance"}, {"Course": "ECIV", "Name": "Civil Engineering"}, {"Course": "MUED", "Name": "Music Education"}, {"Course": "ARAB", "Name": "Arabic"}, {"Course": "GLST", "Name": "Global Studies"}, {"Course": "LING", "Name": "Linguistics"}, {"Course": "PSYC", "Name": "Psychology"}, {"Course": "ENGL", "Name": "English"}, {"Course": "STAT", "Name": "Statistics"}, {"Course": "MUSC", "Name": "Music"}, {"Course": "FREN", "Name": "French"}, {"Course": "POLI", "Name": "Political Science"}, {"Course": "EDET", "Name": "Educational Technology"}, {"Course": "FINA", "Name": "Finance"}, {"Course": "EMCH", "Name": "Mechanical Engineering"}, {"Course": "EPID", "Name": "Epidemiology"}, {"Course": "RUSS", "Name": "Russian"}, {"Course": "MSCI", "Name": "Marine Science"}, {"Course": "ECHE", "Name": "Chemical Engineering"}, {"Course": "CPLT", "Name": "Comparative Literature"}, {"Course": "ASLG", "Name": "American Sign Language"}, {"Course": "EDPH", "Name": "Physical Education"}, {"Course": "BIOS", "Name": "Biostatistics"}, {"Course": "EDPY", "Name": "Educational Psychology"}, {"Course": "GERM", "Name": "German"}, {"Course": "SOST", "Name": "Southern Studies"}, {"Course": "SOCY", "Name": "Sociology"}, {"Course": "MATH", "Name": "Mathematics"}, {"Course": "ARMY", "Name": "Military Science"}, {"Course": "MKTG", "Name": "Marketing"}, {"Course": "JOUR", "Name": "Journalism"}, {"Course": "FORL", "Name": "Foreign Languages"}, {"Course": "EXSC", "Name": "Exercise Science"}, {"Course": "PHYS", "Name": "Physics"}, {"Course": "PORT", "Name": "Portuguese"}, {"Course": "COMD", "Name": "Communication Disorders"}, {"Course": "JAPA", "Name": "Japanese"}, {"Course": "ARTS", "Name": "Art Studio"}, {"Course": "ARTE", "Name": "Art Education"}, {"Course": "EDCS", "Name": "Curriculum Studies"}, {"Course": "SPAN", "Name": "Spanish"}, {"Course": "GEOG", "Name": "Geography"}]